MI_FEC_DATO;NUM_SEC_AC;MI_FEC_LIQ_IN_D_C;MI_PER_LIQ_IN_D_C;MI_COD_INT_D;DUD_SDO_DOT_TOTAL;MI_SDO_DEU_N_VDO_P;MI_FEC_CONST;MI_FEC_VTO;MI_CONT_DIA;MI_CURVA_DES;COD_NUMRCO_MONEDA;MI_VALOR_CONT;MI_SDO_COST_AMOR;MI_CONT_VR;MI_SDO_VM;MI_PORC_IN_DEU_UL;MI_DIF_INT_DEU;MI_CRV_REV_INT_DEU;MI_FRE_REV_INT_DEU;MI_PORC_IN_MIN_DEU;MI_PORC_IN_MAX_DEU;MI_FEC_REV_INT_DEU;MI_PER_REV_INT_DEU;MI_LAG_REV_INT_DEU;MI_FEC_AMORT;MI_FREC_AMORT;MI_SDO_AMORT;SGM_LQ_LCR;COD_ECV_AC;MI_PRDO_CRCIA;MI_CRCIA
2024-09-30;1111111111;2024-11-30;6M;Fijo;550000;550000;2022-07-30;2029-07-30;Actual/365;EURIBOR;EUR;Coste amortizado;500000;P/G;500000;2.5;0.5;;;999999999999999.00;999999999999999.00;2900-12-31;;;2900-12-31;;999999999999999.00;GRAN_EMPRESA;En curso;;999999999999999.00
2024-09-30;1111111112;2024-11-30;3M;Variable;7800000;7000000;2023-01-30;2028-01-30;30/365;EURIBOR;EUR;Valor razonable;6500000;Flujos de saldo;6500000;2;0.7;EURIBOR;3M;0;999999999999999.00;2024-11-30;3M;1M;2900-12-31;;999999999999999.00;OTR_INST_FIN;En curso;;999999999999999.00
2024-09-30;1111111113;2024-11-30;6M;Fijo;550000;550000;2022-07-30;2029-07-30;Actual/365;EURIBOR;EUR;Coste amortizado;500000;P/G;500000;2.5;0.5;;;999999999999999.00;999999999999999.00;2900-12-31;;;2024-11-30;6M;1000;GRAN_EMPRESA;En curso;;999999999999999.00
2024-09-30;1111111114;2024-11-30;3M;Variable;7800000;7000000;2023-01-30;2028-01-30;30/365;EURIBOR;EUR;Valor razonable;6500000;Flujos de saldo;6500000;2;0.7;EURIBOR;3M;0;999999999999999.00;2024-11-30;3M;1M;2024-11-30;3M;1000;OTR_INST_FIN;En curso;;999999999999999.00
2024-09-30;1111111115;2025-01-30;5M;Fijo;404242;404242;2022-09-30;2033-09-30;Actual/Actual;EURIBOR;EUR;Coste amortizado;404142;P/G;404142;2.120;1.68;;;0.04;0.92;2900-12-31;;;2900-12-31;;999999999999999.00;BCE;En curso;;999999999999999.00
2024-09-30;1111111116;2024-10-30;7M;Variable;121599;121599;2009-09-30;2038-09-30;Actual/365;EURIBOR;EUR;Valor razonable;121499;Flujos de saldo;121499;2.950;1.36;EURIBOR;5M;999999999999999.00;999999999999999.00;2024-10-30;2M;11M;2900-12-31;;999999999999999.00;BDE;En curso;;999999999999999.00
2024-09-30;1111111117;2024-10-30;2M;Fijo;274151;274151;2022-09-30;2037-09-30;Actual/360;EURIBOR;EUR;Coste amortizado;274051;Otros ingresos;274051;1.000;1.82;;;999999999999999.00;999999999999999.00;2900-12-31;;;2900-12-31;;999999999999999.00;INST_BANCARIAS;En curso;;999999999999999.00
2024-09-30;1111111118;2025-05-30;10M;Variable;423099;423099;2019-09-30;2039-09-30;30/365;EURIBOR;EUR;Valor razonable;422999;P/G;422999;2.570;1.44;EURIBOR;11M;999999999999999.00;999999999999999.00;2025-05-30;9M;6M;2900-12-31;;999999999999999.00;OTR_INST_FIN;En curso;;999999999999999.00
2024-09-30;1111111119;2024-12-30;5M;Fijo;932816;932816;2016-09-30;2028-09-30;30/360;EURIBOR;EUR;Coste amortizado;932716;Flujos de saldo;932716;2.640;1.66;;;0.2;999999999999999.00;2900-12-31;;;2024-12-30;5M;387.00;ISFLSH;En curso;;999999999999999.00
2024-09-30;1111111120;2024-10-30;8M;Variable;616081;616081;2016-09-30;2027-09-30;Actual/365;EURIBOR;EUR;Valor razonable;615981;Otros ingresos;615981;3.580;1.17;EURIBOR;4M;0.16;999999999999999.00;2024-10-30;4M;2M;2024-10-30;1M;169.00;INST_PUBLICA;En curso;;999999999999999.00
2024-09-30;1111111121;2024-10-30;3M;Fijo;297429;297429;2009-09-30;2031-09-30;30/365;EURIBOR;EUR;Coste amortizado;297329;P/G;297329;1.460;1.35;;;0.2;999999999999999.00;2900-12-31;;;2900-12-31;;999999999999999.00;OTR_INST_NO_FIN;En curso;;999999999999999.00
2024-09-30;1111111122;2025-03-30;9M;Variable;750086;750086;2023-09-30;2034-09-30;Actual/Actual;EURIBOR;EUR;Valor razonable;749986;Flujos de saldo;749986;0.090;0.75;EURIBOR;4M;999999999999999.00;2.09;2025-03-30;2M;4M;2900-12-31;;999999999999999.00;GRAN_EMPRESA;En curso;;999999999999999.00
2024-09-30;1111111123;2025-07-30;11M;Fijo;355172;355172;2021-09-30;2032-09-30;Actual/365;EURIBOR;EUR;Coste amortizado;355072;Otros ingresos;355072;4.520;0.43;;;999999999999999.00;0.65;2900-12-31;;;2900-12-31;;999999999999999.00;PEQUEÑA_EMPRESA;En curso;;999999999999999.00
2024-09-30;1111111124;2024-12-30;8M;Variable;148966;148966;2012-09-30;2036-09-30;Actual/360;EURIBOR;EUR;Valor razonable;148866;P/G;148866;0.040;1.37;EURIBOR;6M;0.06;0.61;2024-12-30;2M;3M;2900-12-31;;999999999999999.00;PERSONA;En curso;;999999999999999.00
2024-09-30;1111111125;2025-03-02;7M;Fijo;737735;737735;2012-09-30;2037-09-30;30/365;EURIBOR;EUR;Coste amortizado;737635;Flujos de saldo;737635;4.630;1.63;;;999999999999999.00;999999999999999.00;2900-12-31;;;2025-03-02;3M;604.00;GRAN_EMPRESA;En curso;;999999999999999.00
2024-09-30;1111111126;2025-06-30;10M;Variable;269612;269612;2012-09-30;2038-09-30;30/360;EURIBOR;EUR;Valor razonable;269512;Otros ingresos;269512;1.240;0.34;EURIBOR;4M;999999999999999.00;999999999999999.00;2025-06-30;2M;6M;2025-06-30;1M;495.00;OTR_INST_FIN;En curso;;999999999999999.00
2024-09-30;1111111127;2025-03-02;8M;Fijo;772543;772543;2020-09-30;2034-09-30;Actual/365;EURIBOR;EUR;Coste amortizado;772443;P/G;772443;3.190;1.01;;;999999999999999.00;999999999999999.00;2900-12-31;;;2900-12-31;;999999999999999.00;GRAN_EMPRESA;En curso;;999999999999999.00
2024-09-30;1111111128;2025-06-30;10M;Variable;177039;177039;2019-09-30;2037-09-30;30/365;EURIBOR;EUR;Valor razonable;176939;Flujos de saldo;176939;1.080;1.61;EURIBOR;8M;0.02;999999999999999.00;2025-06-30;5M;5M;2900-12-31;;999999999999999.00;OTR_INST_FIN;En curso;;999999999999999.00
2024-09-30;1111111129;2024-10-30;6M;Fijo;224669;224669;2013-09-30;2032-09-30;Actual/Actual;EURIBOR;EUR;Coste amortizado;224569;Otros ingresos;224569;0.950;1.94;;;0.06;999999999999999.00;2900-12-31;;;2900-12-31;;999999999999999.00;BCE;En curso;;999999999999999.00
2024-09-30;1111111130;2024-12-30;11M;Variable;816057;816057;2016-09-30;2032-09-30;Actual/365;EURIBOR;EUR;Valor razonable;815957;P/G;815957;0.990;1.76;EURIBOR;6M;0.04;999999999999999.00;2024-12-30;7M;9M;2900-12-31;;999999999999999.00;BDE;En curso;;999999999999999.00
2024-09-30;1111111131;2024-11-30;2M;Fijo;925944;925944;2021-09-30;2029-09-30;Actual/360;EURIBOR;EUR;Coste amortizado;925844;Flujos de saldo;925844;0.340;0.79;;;999999999999999.00;4.75;2900-12-31;;;2024-11-30;8M;70.00;INST_BANCARIAS;En curso;;999999999999999.00
2024-09-30;1111111132;2024-12-30;4M;Variable;687953;687953;2010-09-30;2026-09-30;30/365;EURIBOR;EUR;Valor razonable;687853;Otros ingresos;687853;0.060;0.35;EURIBOR;3M;999999999999999.00;0.06;2024-12-30;10M;7M;2024-12-30;4M;573.00;OTR_INST_FIN;En curso;;999999999999999.00
2024-09-30;1111111133;2024-12-30;9M;Fijo;474831;474831;2021-09-30;2039-09-30;30/360;EURIBOR;EUR;Coste amortizado;474731;P/G;474731;0.610;1.40;;;0.12;0.58;2900-12-31;;;2900-12-31;;999999999999999.00;ISFLSH;En curso;;999999999999999.00
2024-09-30;1111111134;2024-12-30;3M;Variable;367503;367503;2023-09-30;2026-09-30;Actual/365;EURIBOR;EUR;Valor razonable;367403;Flujos de saldo;367403;0.290;0.39;EURIBOR;3M;999999999999999.00;999999999999999.00;2024-12-30;5M;8M;2900-12-31;;999999999999999.00;INST_PUBLICA;En curso;;999999999999999.00
2024-09-30;1111111135;2024-10-30;3M;Fijo;558464;558464;2019-09-30;2035-09-30;30/365;EURIBOR;EUR;Coste amortizado;558364;Otros ingresos;558364;4.000;0.35;;;999999999999999.00;999999999999999.00;2900-12-31;;;2900-12-31;;999999999999999.00;OTR_INST_NO_FIN;En curso;;999999999999999.00
2024-09-30;1111111136;2024-10-30;1M;Variable;664686;664686;2018-09-30;2028-09-30;Actual/Actual;EURIBOR;EUR;Valor razonable;664586;P/G;664586;2.760;1.08;EURIBOR;11M;999999999999999.00;999999999999999.00;2024-10-30;7M;3M;2900-12-31;;999999999999999.00;GRAN_EMPRESA;En curso;;999999999999999.00
2024-09-30;1111111137;2024-10-30;4M;Fijo;931755;931755;2016-09-30;2035-09-30;Actual/365;EURIBOR;EUR;Coste amortizado;931655;Flujos de saldo;931655;2.210;0.87;;;0.18;999999999999999.00;2900-12-31;;;2024-10-30;8M;521.00;PEQUEÑA_EMPRESA;En curso;;999999999999999.00
2024-09-30;1111111138;2024-12-30;6M;Variable;370742;370742;2022-09-30;2026-09-30;Actual/360;EURIBOR;EUR;Valor razonable;370642;Otros ingresos;370642;0.720;1.29;EURIBOR;10M;0.19;999999999999999.00;2024-12-30;8M;11M;2024-12-30;6M;255.00;PERSONA;En curso;;999999999999999.00
2024-09-30;1111111139;2024-10-30;6M;Fijo;976240;976240;2023-09-30;2036-09-30;30/365;EURIBOR;EUR;Coste amortizado;976140;P/G;976140;3.890;0.42;;;0.04;999999999999999.00;2900-12-31;;;2900-12-31;;999999999999999.00;GRAN_EMPRESA;En curso;;999999999999999.00
2024-09-30;1111111140;2024-10-30;11M;Variable;422986;422986;2017-09-30;2031-09-30;30/360;EURIBOR;EUR;Valor razonable;422886;Flujos de saldo;422886;4.050;0.88;EURIBOR;2M;999999999999999.00;4.67;2024-10-30;9M;1M;2900-12-31;;999999999999999.00;OTR_INST_FIN;En curso;;999999999999999.00
2024-09-30;1111111141;2025-01-30;4M;Fijo;273335;273335;2012-09-30;2031-09-30;Actual/365;EURIBOR;EUR;Coste amortizado;273235;Otros ingresos;273235;4.220;1.69;;;999999999999999.00;0.76;2900-12-31;;;2900-12-31;;999999999999999.00;GRAN_EMPRESA;En curso;;999999999999999.00
2024-09-30;1111111142;2025-08-30;11M;Variable;375635;375635;2015-09-30;2028-09-30;30/365;EURIBOR;EUR;Valor razonable;375535;P/G;375535;3.940;0.08;EURIBOR;3M;0.18;2.67;2025-08-30;2M;1M;2900-12-31;;999999999999999.00;OTR_INST_FIN;En curso;;999999999999999.00
2024-09-30;1111111143;2024-10-30;1M;Fijo;103032;103032;2017-09-30;2033-09-30;Actual/Actual;EURIBOR;EUR;Coste amortizado;102932;Flujos de saldo;102932;0.730;1.94;;;999999999999999.00;999999999999999.00;2900-12-31;;;2024-10-30;10M;640.00;BCE;En curso;;999999999999999.00
2024-09-30;1111111144;2025-06-30;11M;Variable;854414;854414;2014-09-30;2027-09-30;Actual/365;EURIBOR;EUR;Valor razonable;854314;Otros ingresos;854314;0.100;1.08;EURIBOR;11M;999999999999999.00;999999999999999.00;2025-06-30;2M;8M;2025-06-30;11M;409.00;BDE;En curso;;999999999999999.00
2024-09-30;1111111145;2024-11-30;2M;Fijo;825075;825075;2021-09-30;2037-09-30;Actual/360;LIBOR;GBP;Coste amortizado;824975;P/G;824975;2.540;0.22;;;999999999999999.00;999999999999999.00;2900-12-31;;;2900-12-31;;999999999999999.00;INST_BANCARIAS;En curso;;999999999999999.00
2024-09-30;1111111146;2024-10-30;6M;Variable;545881;545881;2009-09-30;2029-09-30;30/365;LIBOR;GBP;Valor razonable;545781;Flujos de saldo;545781;1.980;1.50;LIBOR;8M;0.15;999999999999999.00;2024-10-30;5M;9M;2900-12-31;;999999999999999.00;OTR_INST_FIN;En curso;;999999999999999.00
2024-09-30;1111111147;2025-08-30;11M;Fijo;598407;598407;2019-09-30;2036-09-30;30/360;LIBOR;GBP;Coste amortizado;598307;Otros ingresos;598307;0.400;1.81;;;0.02;999999999999999.00;2900-12-31;;;2900-12-31;;999999999999999.00;ISFLSH;En curso;;999999999999999.00
2024-09-30;1111111148;2025-03-02;8M;Variable;169606;169606;2022-09-30;2027-09-30;Actual/365;LIBOR;GBP;Valor razonable;169506;P/G;169506;3.790;0.81;LIBOR;6M;0.2;999999999999999.00;2025-03-02;10M;10M;2900-12-31;;999999999999999.00;INST_PUBLICA;En curso;;999999999999999.00
2024-09-30;1111111149;2025-01-30;6M;Fijo;722081;722081;2012-09-30;2032-09-30;30/365;LIBOR;GBP;Coste amortizado;721981;Flujos de saldo;721981;2.370;0.20;;;999999999999999.00;2.01;2900-12-31;;;2025-01-30;5M;620.00;OTR_INST_NO_FIN;En curso;;999999999999999.00
2024-09-30;1111111150;2025-04-30;11M;Variable;692093;692093;2022-09-30;2027-09-30;Actual/Actual;LIBOR;GBP;Valor razonable;691993;Otros ingresos;691993;3.180;1.60;LIBOR;9M;999999999999999.00;2.12;2025-04-30;5M;4M;2025-04-30;10M;778.00;GRAN_EMPRESA;En curso;;999999999999999.00
2024-09-30;1111111151;2025-03-02;11M;Fijo;939410;939410;2009-09-30;2027-09-30;Actual/365;LIBOR;GBP;Coste amortizado;939310;P/G;939310;4.610;0.41;;;0.02;2.97;2900-12-31;;;2900-12-31;;999999999999999.00;PEQUEÑA_EMPRESA;En curso;;999999999999999.00
2024-09-30;1111111152;2025-01-30;5M;Variable;90149;90149;2016-09-30;2033-09-30;Actual/360;LIBOR;GBP;Valor razonable;90049;Flujos de saldo;90049;3.570;0.09;LIBOR;5M;999999999999999.00;999999999999999.00;2025-01-30;5M;2M;2900-12-31;;999999999999999.00;PERSONA;En curso;;999999999999999.00
2024-09-30;1111111153;2025-04-30;7M;Fijo;115253;115253;2020-09-30;2038-09-30;30/365;LIBOR;GBP;Coste amortizado;115153;Otros ingresos;115153;3.540;1.80;;;999999999999999.00;999999999999999.00;2900-12-31;;;2900-12-31;;999999999999999.00;GRAN_EMPRESA;En curso;;999999999999999.00
2024-09-30;1111111154;2025-03-30;8M;Variable;52969;52969;2018-09-30;2027-09-30;30/360;LIBOR;GBP;Valor razonable;52869;P/G;52869;0.650;1.68;LIBOR;9M;999999999999999.00;999999999999999.00;2025-03-30;2M;5M;2900-12-31;;999999999999999.00;OTR_INST_FIN;En curso;;999999999999999.00
2024-09-30;1111111155;2024-12-30;6M;Fijo;454425;454425;2017-09-30;2035-09-30;Actual/365;LIBOR;GBP;Coste amortizado;454325;Flujos de saldo;454325;3.900;1.99;;;0.16;999999999999999.00;2900-12-31;;;2024-12-30;11M;900.00;GRAN_EMPRESA;En curso;;999999999999999.00
2024-09-30;1111111156;2025-03-30;9M;Variable;702086;702086;2015-09-30;2029-09-30;30/365;LIBOR;GBP;Valor razonable;701986;Otros ingresos;701986;2.720;1.92;LIBOR;3M;0.18;999999999999999.00;2025-03-30;5M;4M;2025-03-30;3M;78.00;OTR_INST_FIN;En curso;;999999999999999.00
2024-09-30;1111111157;2025-04-30;10M;Fijo;3508;3508;2017-09-30;2034-09-30;Actual/Actual;LIBOR;GBP;Coste amortizado;3408;P/G;3408;4.040;1.55;;;0.05;999999999999999.00;2900-12-31;;;2900-12-31;;999999999999999.00;BCE;En curso;;999999999999999.00
2024-09-30;1111111158;2025-05-30;11M;Variable;938249;938249;2020-09-30;2034-09-30;Actual/365;LIBOR;GBP;Valor razonable;938149;Flujos de saldo;938149;2.910;1.93;LIBOR;4M;999999999999999.00;2.62;2025-05-30;7M;2M;2900-12-31;;999999999999999.00;BDE;En curso;;999999999999999.00
2024-09-30;1111111159;2024-10-30;5M;Fijo;214572;214572;2020-09-30;2028-09-30;Actual/360;LIBOR;GBP;Coste amortizado;214472;Otros ingresos;214472;0.050;0.98;;;999999999999999.00;3.1;2900-12-31;;;2900-12-31;;999999999999999.00;INST_BANCARIAS;En curso;;999999999999999.00
2024-09-30;1111111160;2024-12-30;10M;Variable;530732;530732;2021-09-30;2026-09-30;30/365;LIBOR;GBP;Valor razonable;530632;P/G;530632;4.930;0.13;LIBOR;1M;0.1;4.24;2024-12-30;3M;10M;2900-12-31;;999999999999999.00;OTR_INST_FIN;En curso;;999999999999999.00
2024-09-30;1111111161;2024-12-30;9M;Fijo;180795;180795;2012-09-30;2034-09-30;30/360;LIBOR;GBP;Coste amortizado;180695;Flujos de saldo;180695;2.690;1.50;;;999999999999999.00;999999999999999.00;2900-12-31;;;2024-12-30;3M;823.00;ISFLSH;En curso;;999999999999999.00
2024-09-30;1111111162;2025-03-02;6M;Variable;12940;12940;2021-09-30;2029-09-30;Actual/365;LIBOR;GBP;Valor razonable;12840;Otros ingresos;12840;2.700;0.41;LIBOR;3M;999999999999999.00;999999999999999.00;2025-03-02;1M;3M;2025-03-02;6M;928.00;INST_PUBLICA;En curso;;999999999999999.00
2024-09-30;1111111163;2025-01-30;5M;Fijo;261549;261549;2010-09-30;2026-09-30;30/365;LIBOR;GBP;Coste amortizado;261449;P/G;261449;4.410;1.85;;;999999999999999.00;999999999999999.00;2900-12-31;;;2900-12-31;;999999999999999.00;OTR_INST_NO_FIN;En curso;;999999999999999.00
2024-09-30;1111111164;2025-03-30;9M;Variable;411367;411367;2017-09-30;2039-09-30;Actual/Actual;LIBOR;GBP;Valor razonable;411267;Flujos de saldo;411267;1.240;1.44;LIBOR;9M;0.16;999999999999999.00;2025-03-30;11M;6M;2900-12-31;;999999999999999.00;GRAN_EMPRESA;En curso;;999999999999999.00
2024-09-30;1111111165;2025-04-30;9M;Fijo;996555;996555;2014-09-30;2034-09-30;Actual/365;LIBOR;GBP;Coste amortizado;996455;Otros ingresos;996455;3.220;1.83;;;0.04;999999999999999.00;2900-12-31;;;2900-12-31;;999999999999999.00;PEQUEÑA_EMPRESA;En curso;;999999999999999.00
2024-09-30;1111111166;2025-01-30;7M;Variable;529884;529884;2018-09-30;2037-09-30;Actual/360;LIBOR;GBP;Valor razonable;529784;P/G;529784;3.920;0.48;LIBOR;9M;0.01;999999999999999.00;2025-01-30;4M;7M;2900-12-31;;999999999999999.00;PERSONA;En curso;;999999999999999.00
2024-09-30;1111111167;2024-10-30;3M;Fijo;987797;987797;2016-09-30;2031-09-30;30/365;LIBOR;GBP;Coste amortizado;987697;Flujos de saldo;987697;3.470;1.34;;;999999999999999.00;0.87;2900-12-31;;;2024-10-30;3M;488.00;GRAN_EMPRESA;En curso;;999999999999999.00
2024-09-30;1111111168;2025-04-30;7M;Variable;581627;581627;2010-09-30;2037-09-30;30/360;LIBOR;GBP;Valor razonable;581527;Otros ingresos;581527;2.570;0.57;LIBOR;4M;999999999999999.00;0.22;2025-04-30;8M;6M;2025-04-30;4M;391.00;OTR_INST_FIN;En curso;;999999999999999.00
2024-09-30;1111111169;2024-11-30;7M;Fijo;15878;15878;2022-09-30;2037-09-30;Actual/365;LIBOR;GBP;Coste amortizado;15778;P/G;15778;1.960;0.96;;;0.1;0.94;2900-12-31;;;2900-12-31;;999999999999999.00;GRAN_EMPRESA;En curso;;999999999999999.00
2024-09-30;1111111170;2024-11-30;11M;Variable;923579;923579;2012-09-30;2033-09-30;30/365;LIBOR;GBP;Valor razonable;923479;Flujos de saldo;923479;3.730;1.90;LIBOR;1M;999999999999999.00;999999999999999.00;2024-11-30;11M;4M;2900-12-31;;999999999999999.00;OTR_INST_FIN;En curso;;999999999999999.00
2024-09-30;1111111171;2025-01-30;5M;Fijo;486184;486184;2010-09-30;2031-09-30;Actual/Actual;LIBOR;GBP;Coste amortizado;486084;Otros ingresos;486084;2.840;1.87;;;999999999999999.00;999999999999999.00;2900-12-31;;;2900-12-31;;999999999999999.00;BCE;En curso;;999999999999999.00
2024-09-30;1111111172;2025-01-30;5M;Variable;16407;16407;2023-09-30;2030-09-30;Actual/365;LIBOR;GBP;Valor razonable;16307;P/G;16307;3.080;1.33;LIBOR;4M;999999999999999.00;999999999999999.00;2025-01-30;11M;4M;2900-12-31;;999999999999999.00;BDE;En curso;;999999999999999.00
2024-09-30;1111111173;2025-07-30;10M;Fijo;125073;125073;2020-09-30;2026-09-30;Actual/360;LIBOR;GBP;Coste amortizado;124973;Flujos de saldo;124973;3.560;1.28;;;0.01;999999999999999.00;2900-12-31;;;2025-07-30;7M;981.00;INST_BANCARIAS;En curso;;999999999999999.00
2024-09-30;1111111174;2024-10-30;9M;Variable;127540;127540;2023-09-30;2038-09-30;30/365;LIBOR;GBP;Valor razonable;127440;Otros ingresos;127440;4.870;1.75;LIBOR;4M;0.17;999999999999999.00;2024-10-30;2M;9M;2024-10-30;9M;457.00;OTR_INST_FIN;En curso;;999999999999999.00
2024-09-30;1111111175;2024-11-30;8M;Fijo;838631;838631;2019-09-30;2028-09-30;30/360;LIBOR;GBP;Coste amortizado;838531;P/G;838531;3.840;0.10;;;0.03;999999999999999.00;2900-12-31;;;2900-12-31;;999999999999999.00;ISFLSH;En curso;;999999999999999.00
2024-09-30;1111111176;2025-05-30;11M;Variable;540358;540358;2014-09-30;2025-09-30;Actual/365;LIBOR;GBP;Valor razonable;540258;Flujos de saldo;540258;0.030;1.59;LIBOR;4M;999999999999999.00;3.58;2025-05-30;5M;10M;2900-12-31;;999999999999999.00;INST_PUBLICA;En curso;;999999999999999.00
2024-09-30;1111111177;2024-10-30;1M;Fijo;779162;779162;2021-09-30;2036-09-30;30/365;LIBOR;GBP;Coste amortizado;779062;Otros ingresos;779062;4.640;1.22;;;999999999999999.00;1.96;2900-12-31;;;2900-12-31;;999999999999999.00;OTR_INST_NO_FIN;En curso;;999999999999999.00
2024-09-30;1111111178;2025-01-30;5M;Variable;705145;705145;2015-09-30;2030-09-30;Actual/Actual;LIBOR;GBP;Valor razonable;705045;P/G;705045;4.310;1.47;LIBOR;6M;0.12;3.05;2025-01-30;8M;6M;2900-12-31;;999999999999999.00;GRAN_EMPRESA;En curso;;999999999999999.00
2024-09-30;1111111179;2024-10-30;1M;Fijo;40828;40828;2022-09-30;2033-09-30;Actual/365;EURIBOR;EUR;Coste amortizado;40728;Flujos de saldo;40728;0.530;1.79;;;999999999999999.00;999999999999999.00;2900-12-31;;;2024-10-30;3M;167.00;PEQUEÑA_EMPRESA;En curso;;999999999999999.00
2024-09-30;1111111180;2024-11-30;2M;Variable;236758;236758;2017-09-30;2029-09-30;Actual/360;EURIBOR;EUR;Valor razonable;236658;Otros ingresos;236658;1.230;1.53;EURIBOR;9M;999999999999999.00;999999999999999.00;2024-11-30;5M;6M;2024-11-30;5M;257.00;PERSONA;En curso;;999999999999999.00
2024-09-30;1111111181;2024-10-30;1M;Fijo;769163;769163;2012-09-30;2032-09-30;30/365;EURIBOR;EUR;Coste amortizado;769063;P/G;769063;0.700;0.12;;;999999999999999.00;999999999999999.00;2900-12-31;;;2900-12-31;;999999999999999.00;GRAN_EMPRESA;En curso;;999999999999999.00
2024-09-30;1111111182;2025-04-30;11M;Variable;957344;957344;2023-09-30;2031-09-30;30/360;EURIBOR;EUR;Valor razonable;957244;Flujos de saldo;957244;0.900;0.30;EURIBOR;5M;0.15;999999999999999.00;2025-04-30;1M;6M;2900-12-31;;999999999999999.00;OTR_INST_FIN;En curso;;999999999999999.00
2024-09-30;1111111183;2024-12-30;7M;Fijo;605654;605654;2023-09-30;2036-09-30;Actual/365;EURIBOR;EUR;Coste amortizado;605554;Otros ingresos;605554;2.950;1.08;;;0.02;999999999999999.00;2900-12-31;;;2900-12-31;;999999999999999.00;GRAN_EMPRESA;En curso;;999999999999999.00
2024-09-30;1111111184;2024-12-30;5M;Variable;260173;260173;2009-09-30;2032-09-30;30/365;EURIBOR;EUR;Valor razonable;260073;P/G;260073;1.700;0.60;EURIBOR;1M;0.05;999999999999999.00;2024-12-30;3M;10M;2900-12-31;;999999999999999.00;OTR_INST_FIN;En curso;;999999999999999.00
2024-09-30;1111111185;2024-12-30;7M;Fijo;461209;461209;2017-09-30;2038-09-30;Actual/Actual;EURIBOR;EUR;Coste amortizado;461109;Flujos de saldo;461109;2.560;0.30;;;999999999999999.00;2;2900-12-31;;;2024-12-30;6M;149.00;BCE;En curso;;999999999999999.00
2024-09-30;1111111186;2025-05-30;10M;Variable;350976;350976;2022-09-30;2031-09-30;Actual/365;EURIBOR;EUR;Valor razonable;350876;Otros ingresos;350876;0.050;1.63;EURIBOR;4M;999999999999999.00;4.39;2025-05-30;5M;7M;2025-05-30;4M;467.00;BDE;En curso;;999999999999999.00
2024-09-30;1111111187;2024-12-30;11M;Fijo;784697;784697;2013-09-30;2035-09-30;Actual/360;EURIBOR;EUR;Coste amortizado;784597;P/G;784597;4.050;0.65;;;0.14;3.47;2900-12-31;;;2900-12-31;;999999999999999.00;INST_BANCARIAS;En curso;;999999999999999.00
2024-09-30;1111111188;2024-10-30;6M;Variable;979566;979566;2016-09-30;2039-09-30;30/365;EURIBOR;EUR;Valor razonable;979466;Flujos de saldo;979466;0.820;0.80;EURIBOR;8M;999999999999999.00;999999999999999.00;2024-10-30;2M;6M;2900-12-31;;999999999999999.00;OTR_INST_FIN;En curso;;999999999999999.00
2024-09-30;1111111189;2024-12-30;4M;Fijo;846100;846100;2012-09-30;2031-09-30;30/360;EURIBOR;EUR;Coste amortizado;846000;Otros ingresos;846000;0.630;1.80;;;999999999999999.00;999999999999999.00;2900-12-31;;;2900-12-31;;999999999999999.00;ISFLSH;En curso;;999999999999999.00
2024-09-30;1111111190;2025-03-02;5M;Variable;133243;133243;2016-09-30;2037-09-30;Actual/365;EURIBOR;EUR;Valor razonable;133143;P/G;133143;0.730;1.11;EURIBOR;6M;999999999999999.00;999999999999999.00;2025-03-02;7M;2M;2900-12-31;;999999999999999.00;INST_PUBLICA;En curso;;999999999999999.00
2024-09-30;1111111191;2025-08-30;11M;Fijo;163532;163532;2012-09-30;2038-09-30;30/365;EURIBOR;EUR;Coste amortizado;163432;Flujos de saldo;163432;4.850;0.81;;;0.05;999999999999999.00;2900-12-31;;;2025-08-30;4M;526.00;OTR_INST_NO_FIN;En curso;;999999999999999.00
2024-09-30;1111111192;2024-10-30;3M;Variable;10549;10549;2021-09-30;2027-09-30;Actual/Actual;EURIBOR;EUR;Valor razonable;10449;Otros ingresos;10449;1.840;1.51;EURIBOR;4M;0.17;999999999999999.00;2024-10-30;11M;2M;2024-10-30;7M;941.00;GRAN_EMPRESA;En curso;;999999999999999.00
2024-09-30;1111111193;2025-04-30;9M;Fijo;664744;664744;2011-09-30;2027-09-30;Actual/365;EURIBOR;EUR;Coste amortizado;664644;P/G;664644;0.120;1.74;;;0.01;999999999999999.00;2900-12-31;;;2900-12-31;;999999999999999.00;PEQUEÑA_EMPRESA;En curso;;999999999999999.00
2024-09-30;1111111194;2024-10-30;6M;Variable;841777;841777;2019-09-30;2032-09-30;Actual/360;EURIBOR;EUR;Valor razonable;841677;Flujos de saldo;841677;0.800;1.87;EURIBOR;7M;999999999999999.00;4.04;2024-10-30;2M;6M;2900-12-31;;999999999999999.00;PERSONA;En curso;;999999999999999.00
2024-09-30;1111111195;2025-03-02;6M;Fijo;480378;480378;2022-09-30;2034-09-30;30/365;EURIBOR;EUR;Coste amortizado;480278;Otros ingresos;480278;4.270;1.66;;;999999999999999.00;0.34;2900-12-31;;;2900-12-31;;999999999999999.00;GRAN_EMPRESA;En curso;;999999999999999.00
2024-09-30;1111111196;2024-11-30;6M;Variable;684776;684776;2011-09-30;2030-09-30;30/360;EURIBOR;EUR;Valor razonable;684676;P/G;684676;1.260;1.55;EURIBOR;8M;0.19;0.88;2024-11-30;8M;8M;2900-12-31;;999999999999999.00;OTR_INST_FIN;En curso;;999999999999999.00
2024-09-30;1111111197;2025-01-30;8M;Fijo;236524;236524;2022-09-30;2026-09-30;Actual/365;EURIBOR;EUR;Coste amortizado;236424;Flujos de saldo;236424;1.590;0.35;;;999999999999999.00;999999999999999.00;2900-12-31;;;2025-01-30;9M;472.00;GRAN_EMPRESA;En curso;;999999999999999.00
2024-09-30;1111111198;2024-10-30;3M;Variable;850907;850907;2012-09-30;2025-09-30;30/365;EURIBOR;EUR;Valor razonable;850807;Otros ingresos;850807;4.310;0.86;EURIBOR;9M;999999999999999.00;999999999999999.00;2024-10-30;1M;2M;2024-10-30;8M;774.00;OTR_INST_FIN;En curso;;999999999999999.00
2024-09-30;1111111199;2024-10-30;3M;Fijo;577780;577780;2011-09-30;2026-09-30;Actual/Actual;EURIBOR;EUR;Coste amortizado;577680;P/G;577680;3.230;0.18;;;999999999999999.00;999999999999999.00;2900-12-31;;;2900-12-31;;999999999999999.00;BCE;En curso;;999999999999999.00
2024-09-30;1111111200;2024-11-30;3M;Variable;25618;25618;2023-09-30;2034-09-30;Actual/365;EURIBOR;EUR;Valor razonable;25518;Flujos de saldo;25518;4.760;2.00;EURIBOR;2M;0.16;999999999999999.00;2024-11-30;11M;9M;2900-12-31;;999999999999999.00;BDE;En curso;;999999999999999.00
2024-09-30;1111111201;2025-03-02;9M;Fijo;725294;725294;2016-09-30;2032-09-30;Actual/360;EURIBOR;EUR;Coste amortizado;725194;Otros ingresos;725194;4.340;0.64;;;0.18;999999999999999.00;2900-12-31;;;2900-12-31;;999999999999999.00;INST_BANCARIAS;En curso;;999999999999999.00
2024-09-30;1111111202;2024-11-30;6M;Variable;659003;659003;2011-09-30;2027-09-30;30/365;EURIBOR;EUR;Valor razonable;658903;P/G;658903;4.360;0.44;EURIBOR;11M;0.12;999999999999999.00;2024-11-30;4M;10M;2900-12-31;;999999999999999.00;OTR_INST_FIN;En curso;;999999999999999.00
2024-09-30;1111111203;2024-12-30;5M;Fijo;297220;297220;2023-09-30;2029-09-30;30/360;EURIBOR;EUR;Coste amortizado;297120;Flujos de saldo;297120;3.340;0.25;;;999999999999999.00;0.07;2900-12-31;;;2024-12-30;10M;25.00;ISFLSH;En curso;;999999999999999.00
2024-09-30;1111111204;2025-01-30;8M;Variable;588487;588487;2014-09-30;2039-09-30;Actual/365;EURIBOR;EUR;Valor razonable;588387;Otros ingresos;588387;1.130;0.66;EURIBOR;10M;999999999999999.00;3.56;2025-01-30;6M;3M;2025-01-30;3M;208.00;INST_PUBLICA;En curso;;999999999999999.00
2024-09-30;1111111205;2025-06-30;10M;Fijo;95076;95076;2012-09-30;2031-09-30;30/365;EURIBOR;EUR;Coste amortizado;94976;P/G;94976;3.720;1.65;;;0.09;1.4;2900-12-31;;;2900-12-31;;999999999999999.00;OTR_INST_NO_FIN;En curso;;999999999999999.00
2024-09-30;1111111206;2024-12-30;3M;Variable;518343;518343;2023-09-30;2037-09-30;Actual/Actual;EURIBOR;EUR;Valor razonable;518243;Flujos de saldo;518243;0.080;1.66;EURIBOR;7M;999999999999999.00;999999999999999.00;2024-12-30;9M;3M;2900-12-31;;999999999999999.00;GRAN_EMPRESA;En curso;;999999999999999.00
2024-09-30;1111111207;2025-01-30;6M;Fijo;196366;196366;2018-09-30;2025-09-30;Actual/365;EURIBOR;EUR;Coste amortizado;196266;Otros ingresos;196266;3.350;1.32;;;999999999999999.00;999999999999999.00;2900-12-31;;;2900-12-31;;999999999999999.00;PEQUEÑA_EMPRESA;En curso;;999999999999999.00
2024-09-30;1111111208;2024-12-30;3M;Variable;391201;391201;2020-09-30;2034-09-30;Actual/360;EURIBOR;EUR;Valor razonable;391101;P/G;391101;2.200;0.97;EURIBOR;2M;999999999999999.00;999999999999999.00;2024-12-30;2M;2M;2900-12-31;;999999999999999.00;PERSONA;En curso;;999999999999999.00
2024-09-30;1111111209;2025-03-30;7M;Fijo;994735;994735;2023-09-30;2035-09-30;30/365;EURIBOR;EUR;Coste amortizado;994635;Flujos de saldo;994635;3.660;1.43;;;0.17;999999999999999.00;2900-12-31;;;2025-03-30;5M;947.00;GRAN_EMPRESA;En curso;;999999999999999.00
2024-09-30;1111111210;2024-10-30;7M;Variable;721974;721974;2019-09-30;2036-09-30;30/360;EURIBOR;EUR;Valor razonable;721874;Otros ingresos;721874;1.910;1.01;EURIBOR;7M;0.11;999999999999999.00;2024-10-30;1M;9M;2024-10-30;10M;226.00;OTR_INST_FIN;En curso;;999999999999999.00
2024-09-30;1111111211;2025-03-02;9M;Fijo;999212;999212;2016-09-30;2033-09-30;Actual/365;EURIBOR;EUR;Coste amortizado;999112;P/G;999112;2.910;2.00;;;0.14;999999999999999.00;2900-12-31;;;2900-12-31;;999999999999999.00;GRAN_EMPRESA;En curso;;999999999999999.00
2024-09-30;1111111212;2025-01-30;4M;Variable;983573;983573;2009-09-30;2033-09-30;30/365;EURIBOR;EUR;Valor razonable;983473;Flujos de saldo;983473;3.580;1.67;EURIBOR;2M;999999999999999.00;2.76;2025-01-30;10M;4M;2900-12-31;;999999999999999.00;OTR_INST_FIN;En curso;;999999999999999.00
2024-09-30;1111111213;2024-12-30;8M;Fijo;345268;345268;2020-09-30;2025-09-30;Actual/Actual;EURIBOR;EUR;Coste amortizado;345168;Otros ingresos;345168;2.650;1.29;;;999999999999999.00;3.11;2900-12-31;;;2900-12-31;;999999999999999.00;BCE;En curso;;999999999999999.00
2024-09-30;1111111214;2024-10-30;3M;Variable;360294;360294;2009-09-30;2026-09-30;Actual/365;EURIBOR;EUR;Valor razonable;360194;P/G;360194;3.620;1.17;EURIBOR;5M;0.07;0.64;2024-10-30;7M;4M;2900-12-31;;999999999999999.00;BDE;En curso;;999999999999999.00
2024-09-30;1111111215;2024-10-30;1M;Fijo;273024;273024;2020-09-30;2033-09-30;Actual/360;EURIBOR;EUR;Coste amortizado;272924;Flujos de saldo;272924;2.130;1.94;;;999999999999999.00;999999999999999.00;2900-12-31;;;2024-10-30;7M;551.00;INST_BANCARIAS;En curso;;999999999999999.00
2024-09-30;1111111216;2025-04-30;10M;Variable;634491;634491;2010-09-30;2032-09-30;30/365;EURIBOR;EUR;Valor razonable;634391;Otros ingresos;634391;2.250;1.81;EURIBOR;6M;999999999999999.00;999999999999999.00;2025-04-30;6M;2M;2025-04-30;4M;164.00;OTR_INST_FIN;En curso;;999999999999999.00
2024-09-30;1111111217;2024-10-30;1M;Fijo;893391;893391;2020-09-30;2026-09-30;30/360;EURIBOR;EUR;Coste amortizado;893291;P/G;893291;2.790;1.34;;;999999999999999.00;999999999999999.00;2900-12-31;;;2900-12-31;;999999999999999.00;ISFLSH;En curso;;999999999999999.00
2024-09-30;1111111218;2024-10-30;1M;Variable;73165;73165;2021-09-30;2029-09-30;Actual/365;EURIBOR;OTH;Valor razonable;73065;Flujos de saldo;73065;0.980;1.40;EURIBOR;2M;0.15;999999999999999.00;2024-10-30;1M;3M;2900-12-31;;999999999999999.00;INST_PUBLICA;En curso;;999999999999999.00
2024-09-30;1111111219;2024-12-30;7M;Fijo;292493;292493;2022-09-30;2034-09-30;30/365;EURIBOR;OTH;Coste amortizado;292393;Otros ingresos;292393;3.670;0.46;;;0.11;999999999999999.00;2900-12-31;;;2900-12-31;;999999999999999.00;OTR_INST_NO_FIN;En curso;;999999999999999.00
2024-09-30;1111111220;2025-03-30;7M;Variable;329778;329778;2019-09-30;2027-09-30;Actual/Actual;EURIBOR;OTH;Valor razonable;329678;P/G;329678;4.730;0.75;EURIBOR;4M;0.13;999999999999999.00;2025-03-30;2M;1M;2900-12-31;;999999999999999.00;GRAN_EMPRESA;En curso;;999999999999999.00
2024-09-30;1111111221;2024-10-30;3M;Fijo;775017;775017;2021-09-30;2038-09-30;Actual/365;EURIBOR;OTH;Coste amortizado;774917;Flujos de saldo;774917;4.640;1.91;;;999999999999999.00;2.75;2900-12-31;;;2024-10-30;10M;118.00;PEQUEÑA_EMPRESA;En curso;;999999999999999.00
2024-09-30;1111111222;2024-10-30;2M;Variable;941614;941614;2015-09-30;2034-09-30;Actual/360;EURIBOR;OTH;Valor razonable;941514;Otros ingresos;941514;4.620;0.85;EURIBOR;5M;999999999999999.00;2.9;2024-10-30;2M;7M;2024-10-30;1M;198.00;PERSONA;En curso;;999999999999999.00
2024-09-30;1111111223;2024-10-30;3M;Fijo;616537;616537;2023-09-30;2034-09-30;30/365;EURIBOR;OTH;Coste amortizado;616437;P/G;616437;0.410;1.01;;;0.02;2.78;2900-12-31;;;2900-12-31;;999999999999999.00;GRAN_EMPRESA;En curso;;999999999999999.00
2024-09-30;1111111224;2025-04-30;9M;Variable;751251;751251;2022-09-30;2039-09-30;30/360;EURIBOR;OTH;Valor razonable;751151;Flujos de saldo;751151;1.580;1.30;EURIBOR;9M;999999999999999.00;999999999999999.00;2025-04-30;2M;11M;2900-12-31;;999999999999999.00;OTR_INST_FIN;En curso;;999999999999999.00
2024-09-30;1111111225;2025-03-02;11M;Fijo;417798;417798;2011-09-30;2034-09-30;Actual/365;EURIBOR;OTH;Coste amortizado;417698;Otros ingresos;417698;2.060;0.85;;;999999999999999.00;999999999999999.00;2900-12-31;;;2900-12-31;;999999999999999.00;GRAN_EMPRESA;En curso;;999999999999999.00
2024-09-30;1111111226;2025-05-30;11M;Variable;363994;363994;2015-09-30;2034-09-30;30/365;EURIBOR;OTH;Valor razonable;363894;P/G;363894;3.350;1.80;EURIBOR;10M;999999999999999.00;999999999999999.00;2025-05-30;2M;7M;2900-12-31;;999999999999999.00;OTR_INST_FIN;En curso;;999999999999999.00
2024-09-30;1111111227;2024-10-30;5M;Fijo;856988;856988;2011-09-30;2034-09-30;Actual/Actual;EURIBOR;OTH;Coste amortizado;856888;Flujos de saldo;856888;1.350;1.92;;;0.03;999999999999999.00;2900-12-31;;;2024-10-30;6M;482.00;BCE;En curso;;999999999999999.00
2024-09-30;1111111228;2025-03-02;5M;Variable;530160;530160;2015-09-30;2036-09-30;Actual/365;EURIBOR;OTH;Valor razonable;530060;Otros ingresos;530060;0.380;0.74;EURIBOR;3M;0.03;999999999999999.00;2025-03-02;8M;3M;2025-03-02;5M;818.00;BDE;En curso;;999999999999999.00
2024-09-30;1111111229;2025-03-02;7M;Fijo;543579;543579;2009-09-30;2029-09-30;Actual/360;EURIBOR;OTH;Coste amortizado;543479;P/G;543479;4.330;0.57;;;0.19;999999999999999.00;2900-12-31;;;2900-12-31;;999999999999999.00;INST_BANCARIAS;En curso;;999999999999999.00
2024-09-30;1111111230;2024-11-30;2M;Variable;439694;439694;2016-09-30;2030-09-30;30/365;EURIBOR;OTH;Valor razonable;439594;Flujos de saldo;439594;4.280;1.85;EURIBOR;11M;999999999999999.00;2.75;2024-11-30;8M;1M;2900-12-31;;999999999999999.00;OTR_INST_FIN;En curso;;999999999999999.00
2024-09-30;1111111231;2025-01-30;6M;Fijo;199506;199506;2010-09-30;2028-09-30;30/360;EURIBOR;OTH;Coste amortizado;199406;Otros ingresos;199406;4.770;0.78;;;999999999999999.00;0.14;2900-12-31;;;2900-12-31;;999999999999999.00;ISFLSH;En curso;;999999999999999.00
2024-09-30;1111111232;2025-04-30;11M;Variable;358470;358470;2009-09-30;2031-09-30;Actual/365;EURIBOR;OTH;Valor razonable;358370;P/G;358370;0.130;0.62;EURIBOR;11M;0.05;0.51;2025-04-30;1M;8M;2900-12-31;;999999999999999.00;INST_PUBLICA;En curso;;999999999999999.00
2024-09-30;1111111233;2024-10-30;1M;Fijo;495408;495408;2012-09-30;2038-09-30;30/365;EURIBOR;OTH;Coste amortizado;495308;Flujos de saldo;495308;0.780;1.21;;;999999999999999.00;999999999999999.00;2900-12-31;;;2024-10-30;7M;200.00;OTR_INST_NO_FIN;En curso;;999999999999999.00
2024-09-30;1111111234;2024-12-30;11M;Variable;683998;683998;2018-09-30;2033-09-30;Actual/Actual;EURIBOR;OTH;Valor razonable;683898;Otros ingresos;683898;1.110;1.41;EURIBOR;3M;999999999999999.00;999999999999999.00;2024-12-30;8M;11M;2024-12-30;7M;399.00;GRAN_EMPRESA;En curso;;999999999999999.00
2024-09-30;1111111235;2024-11-30;10M;Fijo;748523;748523;2022-09-30;2031-09-30;Actual/365;EURIBOR;OTH;Coste amortizado;748423;P/G;748423;0.960;1.49;;;999999999999999.00;999999999999999.00;2900-12-31;;;2900-12-31;;999999999999999.00;PEQUEÑA_EMPRESA;En curso;;999999999999999.00
2024-09-30;1111111236;2024-12-30;4M;Variable;576205;576205;2016-09-30;2030-09-30;Actual/360;EURIBOR;OTH;Valor razonable;576105;Flujos de saldo;576105;3.590;1.48;EURIBOR;5M;0.05;999999999999999.00;2024-12-30;11M;11M;2900-12-31;;999999999999999.00;PERSONA;En curso;;999999999999999.00
2024-09-30;1111111237;2025-05-30;8M;Fijo;437435;437435;2013-09-30;2037-09-30;30/365;EURIBOR;OTH;Coste amortizado;437335;Otros ingresos;437335;4.620;1.11;;;0.06;999999999999999.00;2900-12-31;;;2900-12-31;;999999999999999.00;GRAN_EMPRESA;En curso;;999999999999999.00
2024-09-30;1111111238;2025-05-30;11M;Variable;620380;620380;2020-09-30;2029-09-30;30/360;EURIBOR;OTH;Valor razonable;620280;P/G;620280;0.300;1.53;EURIBOR;10M;0.12;999999999999999.00;2025-05-30;8M;9M;2900-12-31;;999999999999999.00;OTR_INST_FIN;En curso;;999999999999999.00
2024-09-30;1111111239;2024-12-30;8M;Fijo;937976;937976;2020-09-30;2039-09-30;Actual/365;EURIBOR;OTH;Coste amortizado;937876;Flujos de saldo;937876;2.040;0.75;;;999999999999999.00;2.48;2900-12-31;;;2024-12-30;7M;302.00;GRAN_EMPRESA;En curso;;999999999999999.00
2024-09-30;1111111240;2024-10-30;2M;Variable;333787;333787;2016-09-30;2030-09-30;30/365;EURIBOR;OTH;Valor razonable;333687;Otros ingresos;333687;1.590;0.20;EURIBOR;10M;999999999999999.00;4.32;2024-10-30;4M;5M;2024-10-30;8M;312.00;OTR_INST_FIN;En curso;;999999999999999.00
2024-09-30;1111111241;2025-03-02;6M;Fijo;979283;979283;2016-09-30;2034-09-30;Actual/Actual;EURIBOR;OTH;Coste amortizado;979183;P/G;979183;3.580;0.04;;;0.14;4.81;2900-12-31;;;2900-12-31;;999999999999999.00;BCE;En curso;;999999999999999.00
2024-09-30;1111111242;2024-12-30;3M;Variable;594312;594312;2022-09-30;2026-09-30;Actual/365;EURIBOR;OTH;Valor razonable;594212;Flujos de saldo;594212;3.290;1.47;EURIBOR;4M;999999999999999.00;999999999999999.00;2024-12-30;4M;7M;2900-12-31;;999999999999999.00;BDE;En curso;;999999999999999.00
2024-09-30;1111111243;2024-10-30;3M;Fijo;320999;320999;2009-09-30;2025-09-30;Actual/360;EURIBOR;OTH;Coste amortizado;320899;Otros ingresos;320899;3.570;0.17;;;999999999999999.00;999999999999999.00;2900-12-31;;;2900-12-31;;999999999999999.00;INST_BANCARIAS;En curso;;999999999999999.00
2024-09-30;1111111244;2024-11-30;3M;Variable;694066;694066;2019-09-30;2026-09-30;30/365;EURIBOR;OTH;Valor razonable;693966;P/G;693966;0.260;0.68;EURIBOR;9M;999999999999999.00;999999999999999.00;2024-11-30;10M;9M;2900-12-31;;999999999999999.00;OTR_INST_FIN;En curso;;999999999999999.00
2024-09-30;1111111245;2025-03-02;7M;Fijo;434680;434680;2014-09-30;2025-09-30;30/360;EURIBOR;OTH;Coste amortizado;434580;Flujos de saldo;434580;4.370;0.58;;;0.12;999999999999999.00;2900-12-31;;;2025-03-02;7M;485.00;ISFLSH;En curso;;999999999999999.00
2024-09-30;1111111246;2025-03-02;6M;Variable;952995;952995;2020-09-30;2032-09-30;Actual/365;EURIBOR;OTH;Valor razonable;952895;Otros ingresos;952895;2.480;0.04;EURIBOR;7M;0.03;999999999999999.00;2025-03-02;7M;11M;2025-03-02;10M;253.00;INST_PUBLICA;En curso;;999999999999999.00
2024-09-30;1111111247;2025-01-30;4M;Fijo;133135;133135;2017-09-30;2035-09-30;30/365;EURIBOR;OTH;Coste amortizado;133035;P/G;133035;4.430;1.47;;;0.02;999999999999999.00;2900-12-31;;;2900-12-31;;999999999999999.00;OTR_INST_NO_FIN;En curso;;999999999999999.00
2024-09-30;1111111248;2025-03-02;7M;Variable;173859;173859;2014-09-30;2032-09-30;Actual/Actual;EURIBOR;OTH;Valor razonable;173759;Flujos de saldo;173759;2.720;0.05;EURIBOR;6M;999999999999999.00;0.5;2025-03-02;7M;7M;2900-12-31;;999999999999999.00;GRAN_EMPRESA;En curso;;999999999999999.00
2024-09-30;1111111249;2024-10-30;2M;Fijo;189703;189703;2013-09-30;2025-09-30;Actual/365;EURIBOR;OTH;Coste amortizado;189603;Otros ingresos;189603;4.010;0.34;;;999999999999999.00;1.14;2900-12-31;;;2900-12-31;;999999999999999.00;PEQUEÑA_EMPRESA;En curso;;999999999999999.00
2024-09-30;1111111250;2025-05-30;8M;Variable;768120;768120;2016-09-30;2029-09-30;Actual/360;EURIBOR;OTH;Valor razonable;768020;P/G;768020;0.560;0.50;EURIBOR;5M;0.11;1.6;2025-05-30;9M;11M;2900-12-31;;999999999999999.00;PERSONA;En curso;;999999999999999.00
2024-09-30;1111111251;2024-11-30;2M;Fijo;547498;547498;2010-09-30;2029-09-30;30/365;EURIBOR;OTH;Coste amortizado;547398;Flujos de saldo;547398;3.860;0.51;;;999999999999999.00;999999999999999.00;2900-12-31;;;2024-11-30;4M;772.00;GRAN_EMPRESA;En curso;;999999999999999.00
2024-09-30;1111111252;2024-11-30;3M;Variable;179721;179721;2013-09-30;2032-09-30;30/360;EURIBOR;OTH;Valor razonable;179621;Otros ingresos;179621;1.780;1.45;EURIBOR;11M;999999999999999.00;999999999999999.00;2024-11-30;3M;7M;2024-11-30;1M;828.00;OTR_INST_FIN;En curso;;999999999999999.00
2024-09-30;1111111253;2025-04-30;7M;Fijo;177680;177680;2022-09-30;2031-09-30;Actual/365;EURIBOR;OTH;Coste amortizado;177580;P/G;177580;1.020;0.06;;;999999999999999.00;999999999999999.00;2900-12-31;;;2900-12-31;;999999999999999.00;GRAN_EMPRESA;En curso;;999999999999999.00
2024-09-30;1111111254;2024-11-30;5M;Variable;696160;696160;2010-09-30;2037-09-30;30/365;EURIBOR;OTH;Valor razonable;696060;Flujos de saldo;696060;4.720;0.16;EURIBOR;2M;0.07;999999999999999.00;2024-11-30;9M;5M;2900-12-31;;999999999999999.00;OTR_INST_FIN;En curso;;999999999999999.00
2024-09-30;1111111255;2025-01-30;4M;Fijo;325392;325392;2019-09-30;2027-09-30;Actual/Actual;EURIBOR;OTH;Coste amortizado;325292;Otros ingresos;325292;3.550;1.68;;;0.04;999999999999999.00;2900-12-31;;;2900-12-31;;999999999999999.00;BCE;En curso;;999999999999999.00
2024-09-30;1111111256;2025-03-30;11M;Variable;906615;906615;2020-09-30;2038-09-30;Actual/365;EURIBOR;OTH;Valor razonable;906515;P/G;906515;1.750;0.97;EURIBOR;9M;0.09;999999999999999.00;2025-03-30;10M;4M;2900-12-31;;999999999999999.00;BDE;En curso;;999999999999999.00
2024-09-30;1111111257;2024-10-30;1M;Fijo;905512;905512;2019-09-30;2032-09-30;Actual/360;EURIBOR;OTH;Coste amortizado;905412;Flujos de saldo;905412;2.900;0.76;;;999999999999999.00;3.72;2900-12-31;;;2024-10-30;7M;937.00;INST_BANCARIAS;En curso;;999999999999999.00
2024-09-30;1111111258;2024-12-30;4M;Variable;745890;745890;2013-09-30;2038-09-30;30/365;EURIBOR;OTH;Valor razonable;745790;Otros ingresos;745790;1.410;1.51;EURIBOR;10M;999999999999999.00;4.28;2024-12-30;2M;5M;2024-12-30;4M;829.00;OTR_INST_FIN;En curso;;999999999999999.00
2024-09-30;1111111259;2024-10-30;10M;Fijo;1147;1147;2021-09-30;2030-09-30;30/360;EURIBOR;OTH;Coste amortizado;1047;P/G;1047;2.530;0.65;;;0.04;3.7;2900-12-31;;;2900-12-31;;999999999999999.00;ISFLSH;En curso;;999999999999999.00
2024-09-30;1111111260;2025-03-30;7M;Variable;982238;982238;2020-09-30;2034-09-30;Actual/365;EURIBOR;OTH;Valor razonable;982138;Flujos de saldo;982138;4.670;0.75;EURIBOR;1M;999999999999999.00;999999999999999.00;2025-03-30;10M;9M;2900-12-31;;999999999999999.00;INST_PUBLICA;En curso;;999999999999999.00
2024-09-30;1111111261;2024-11-30;11M;Fijo;875190;875190;2015-09-30;2025-09-30;30/365;EURIBOR;OTH;Coste amortizado;875090;Otros ingresos;875090;3.350;1.64;;;999999999999999.00;999999999999999.00;2900-12-31;;;2900-12-31;;999999999999999.00;OTR_INST_NO_FIN;En curso;;999999999999999.00
2024-09-30;1111111262;2024-10-30;4M;Variable;418814;418814;2013-09-30;2035-09-30;Actual/Actual;EURIBOR;OTH;Valor razonable;418714;P/G;418714;0.490;1.33;EURIBOR;1M;999999999999999.00;999999999999999.00;2024-10-30;11M;5M;2900-12-31;;999999999999999.00;GRAN_EMPRESA;En curso;;999999999999999.00
2024-09-30;1111111263;2024-10-30;2M;Fijo;541855;541855;2009-09-30;2028-09-30;Actual/365;EURIBOR;OTH;Coste amortizado;541755;Flujos de saldo;541755;4.140;1.83;;;0.08;999999999999999.00;2900-12-31;;;2024-10-30;11M;589.00;PEQUEÑA_EMPRESA;En curso;;999999999999999.00
2024-09-30;1111111264;2024-11-30;2M;Variable;24028;24028;2019-09-30;2033-09-30;Actual/360;EURIBOR;OTH;Valor razonable;23928;Otros ingresos;23928;3.100;0.78;EURIBOR;5M;0.03;999999999999999.00;2024-11-30;3M;7M;2024-11-30;5M;965.00;PERSONA;En curso;;999999999999999.00
2024-09-30;1111111265;2025-01-30;8M;Fijo;408128;408128;2009-09-30;2036-09-30;30/365;EURIBOR;OTH;Coste amortizado;408028;P/G;408028;4.930;0.27;;;0.06;999999999999999.00;2900-12-31;;;2900-12-31;;999999999999999.00;GRAN_EMPRESA;En curso;;999999999999999.00
2024-09-30;1111111266;2025-05-30;11M;Variable;870979;870979;2020-09-30;2027-09-30;30/360;EURIBOR;OTH;Valor razonable;870879;Flujos de saldo;870879;4.050;1.84;EURIBOR;5M;999999999999999.00;2.72;2025-05-30;6M;7M;2900-12-31;;999999999999999.00;OTR_INST_FIN;En curso;;999999999999999.00
2024-09-30;1111111267;2025-07-30;11M;Fijo;302668;302668;2011-09-30;2029-09-30;Actual/365;EURIBOR;OTH;Coste amortizado;302568;Otros ingresos;302568;2.140;0.53;;;999999999999999.00;1.93;2900-12-31;;;2900-12-31;;999999999999999.00;GRAN_EMPRESA;En curso;;999999999999999.00
2024-09-30;1111111268;2025-03-30;9M;Variable;310251;310251;2022-09-30;2026-09-30;30/365;EURIBOR;OTH;Valor razonable;310151;P/G;310151;1.700;1.83;EURIBOR;5M;0.16;4.14;2025-03-30;5M;2M;2900-12-31;;999999999999999.00;OTR_INST_FIN;En curso;;999999999999999.00
2024-09-30;1111111269;2025-01-30;5M;Fijo;95354;95354;2013-09-30;2036-09-30;Actual/Actual;EURIBOR;OTH;Coste amortizado;95254;Flujos de saldo;95254;2.620;1.27;;;999999999999999.00;999999999999999.00;2900-12-31;;;2025-01-30;6M;18.00;BCE;En curso;;999999999999999.00
2024-09-30;1111111270;2024-12-30;6M;Variable;77664;77664;2021-09-30;2028-09-30;Actual/365;EURIBOR;OTH;Valor razonable;77564;Otros ingresos;77564;2.090;1.60;EURIBOR;4M;999999999999999.00;999999999999999.00;2024-12-30;9M;1M;2024-12-30;1M;764.00;BDE;En curso;;999999999999999.00
2024-09-30;1111111271;2024-10-30;4M;Fijo;965388;965388;2019-09-30;2026-09-30;Actual/360;EURIBOR;OTH;Coste amortizado;965288;P/G;965288;2.640;1.37;;;999999999999999.00;999999999999999.00;2900-12-31;;;2900-12-31;;999999999999999.00;INST_BANCARIAS;En curso;;999999999999999.00
2024-09-30;1111111272;2025-01-30;5M;Variable;275404;275404;2023-09-30;2033-09-30;30/365;EURIBOR;EUR;Valor razonable;275304;Flujos de saldo;275304;0.580;1.85;EURIBOR;11M;0.1;999999999999999.00;2025-01-30;1M;8M;2900-12-31;;999999999999999.00;OTR_INST_FIN;En curso;;999999999999999.00
2024-09-30;1111111273;2024-10-30;10M;Fijo;951339;951339;2015-09-30;2036-09-30;30/360;EURIBOR;EUR;Coste amortizado;951239;Otros ingresos;951239;3.880;1.24;;;0.06;999999999999999.00;2900-12-31;;;2900-12-31;;999999999999999.00;ISFLSH;En curso;;999999999999999.00
2024-09-30;1111111274;2024-10-30;1M;Variable;53456;53456;2013-09-30;2036-09-30;Actual/365;EURIBOR;EUR;Valor razonable;53356;P/G;53356;1.080;1.02;EURIBOR;4M;0.12;999999999999999.00;2024-10-30;4M;9M;2900-12-31;;999999999999999.00;INST_PUBLICA;En curso;;999999999999999.00
2024-09-30;1111111275;2025-03-30;6M;Fijo;245220;245220;2023-09-30;2037-09-30;30/365;EURIBOR;EUR;Coste amortizado;245120;Flujos de saldo;245120;4.790;1.59;;;999999999999999.00;1.84;2900-12-31;;;2025-03-30;7M;738.00;OTR_INST_NO_FIN;En curso;;999999999999999.00
2024-09-30;1111111276;2025-04-30;11M;Variable;837310;837310;2023-09-30;2032-09-30;Actual/Actual;EURIBOR;EUR;Valor razonable;837210;Otros ingresos;837210;4.810;1.50;EURIBOR;9M;999999999999999.00;4.85;2025-04-30;7M;5M;2025-04-30;11M;407.00;GRAN_EMPRESA;En curso;;999999999999999.00
2024-09-30;1111111277;2024-10-30;4M;Fijo;689698;689698;2013-09-30;2028-09-30;Actual/365;EURIBOR;EUR;Coste amortizado;689598;P/G;689598;4.190;0.80;;;0.07;0.24;2900-12-31;;;2900-12-31;;999999999999999.00;PEQUEÑA_EMPRESA;En curso;;999999999999999.00
2024-09-30;1111111278;2024-11-30;10M;Variable;69090;69090;2014-09-30;2033-09-30;Actual/360;EURIBOR;EUR;Valor razonable;68990;Flujos de saldo;68990;1.980;0.09;EURIBOR;3M;999999999999999.00;999999999999999.00;2024-11-30;2M;3M;2900-12-31;;999999999999999.00;PERSONA;En curso;;999999999999999.00
2024-09-30;1111111279;2024-11-30;2M;Fijo;197608;197608;2019-09-30;2038-09-30;30/365;EURIBOR;EUR;Coste amortizado;197508;Otros ingresos;197508;1.850;1.24;;;999999999999999.00;999999999999999.00;2900-12-31;;;2900-12-31;;999999999999999.00;GRAN_EMPRESA;En curso;;999999999999999.00
2024-09-30;1111111280;2025-01-30;6M;Variable;395013;395013;2020-09-30;2031-09-30;30/360;EURIBOR;EUR;Valor razonable;394913;P/G;394913;1.510;1.76;EURIBOR;4M;999999999999999.00;999999999999999.00;2025-01-30;1M;5M;2900-12-31;;999999999999999.00;OTR_INST_FIN;En curso;;999999999999999.00
2024-09-30;1111111281;2024-10-30;4M;Fijo;568023;568023;2019-09-30;2034-09-30;Actual/365;EURIBOR;EUR;Coste amortizado;567923;Flujos de saldo;567923;1.650;1.78;;;0.11;999999999999999.00;2900-12-31;;;2024-10-30;5M;472.00;GRAN_EMPRESA;En curso;;999999999999999.00
2024-09-30;1111111282;2024-11-30;3M;Variable;929205;929205;2016-09-30;2039-09-30;30/365;EURIBOR;EUR;Valor razonable;929105;Otros ingresos;929105;2.290;1.34;EURIBOR;5M;0.04;999999999999999.00;2024-11-30;6M;5M;2024-11-30;1M;233.00;OTR_INST_FIN;En curso;;999999999999999.00
2024-09-30;1111111283;2024-12-30;10M;Fijo;902992;902992;2023-09-30;2028-09-30;Actual/Actual;EURIBOR;EUR;Coste amortizado;902892;P/G;902892;1.800;0.28;;;0.08;999999999999999.00;2900-12-31;;;2900-12-31;;999999999999999.00;BCE;En curso;;999999999999999.00
2024-09-30;1111111284;2025-01-30;4M;Variable;846641;846641;2009-09-30;2037-09-30;Actual/365;EURIBOR;EUR;Valor razonable;846541;Flujos de saldo;846541;4.920;1.46;EURIBOR;7M;999999999999999.00;0.1;2025-01-30;9M;5M;2900-12-31;;999999999999999.00;BDE;En curso;;999999999999999.00
2024-09-30;1111111285;2024-10-30;3M;Fijo;46566;46566;2023-09-30;2032-09-30;Actual/360;EURIBOR;EUR;Coste amortizado;46466;Otros ingresos;46466;0.370;0.97;;;999999999999999.00;2.74;2900-12-31;;;2900-12-31;;999999999999999.00;INST_BANCARIAS;En curso;;999999999999999.00
2024-09-30;1111111286;2024-10-30;2M;Variable;703664;703664;2013-09-30;2037-09-30;30/365;EURIBOR;EUR;Valor razonable;703564;P/G;703564;1.170;0.46;EURIBOR;10M;0.09;2.63;2024-10-30;8M;8M;2900-12-31;;999999999999999.00;OTR_INST_FIN;En curso;;999999999999999.00
2024-09-30;1111111287;2024-11-30;4M;Fijo;170848;170848;2013-09-30;2026-09-30;30/360;EURIBOR;EUR;Coste amortizado;170748;Flujos de saldo;170748;1.030;0.06;;;999999999999999.00;999999999999999.00;2900-12-31;;;2024-11-30;7M;385.00;ISFLSH;En curso;;999999999999999.00
2024-09-30;1111111288;2024-10-30;1M;Variable;206906;206906;2009-09-30;2033-09-30;Actual/365;EURIBOR;EUR;Valor razonable;206806;Otros ingresos;206806;0.470;1.91;EURIBOR;6M;999999999999999.00;999999999999999.00;2024-10-30;7M;11M;2024-10-30;4M;881.00;INST_PUBLICA;En curso;;999999999999999.00
2024-09-30;1111111289;2024-11-30;2M;Fijo;140358;140358;2016-09-30;2032-09-30;30/365;EURIBOR;EUR;Coste amortizado;140258;P/G;140258;4.440;1.46;;;999999999999999.00;999999999999999.00;2900-12-31;;;2900-12-31;;999999999999999.00;OTR_INST_NO_FIN;En curso;;999999999999999.00
2024-09-30;1111111290;2025-03-30;9M;Variable;88285;88285;2014-09-30;2027-09-30;Actual/Actual;EURIBOR;EUR;Valor razonable;88185;Flujos de saldo;88185;4.250;1.34;EURIBOR;11M;0.19;999999999999999.00;2025-03-30;5M;5M;2900-12-31;;999999999999999.00;GRAN_EMPRESA;En curso;;999999999999999.00
2024-09-30;1111111291;2024-12-30;5M;Fijo;303816;303816;2023-09-30;2027-09-30;Actual/365;EURIBOR;EUR;Coste amortizado;303716;Otros ingresos;303716;0.770;0.32;;;0.11;999999999999999.00;2900-12-31;;;2900-12-31;;999999999999999.00;PEQUEÑA_EMPRESA;En curso;;999999999999999.00
2024-09-30;1111111292;2025-08-30;11M;Variable;869480;869480;2009-09-30;2034-09-30;Actual/360;EURIBOR;EUR;Valor razonable;869380;P/G;869380;0.280;0.58;EURIBOR;6M;0.11;999999999999999.00;2025-08-30;1M;6M;2900-12-31;;999999999999999.00;PERSONA;En curso;;999999999999999.00
2024-09-30;1111111293;2025-01-30;4M;Fijo;311643;311643;2021-09-30;2034-09-30;30/365;EURIBOR;EUR;Coste amortizado;311543;Flujos de saldo;311543;2.770;1.63;;;999999999999999.00;0.57;2900-12-31;;;2025-01-30;4M;907.00;GRAN_EMPRESA;En curso;;999999999999999.00
2024-09-30;1111111294;2024-10-30;3M;Variable;708957;708957;2017-09-30;2033-09-30;30/360;EURIBOR;EUR;Valor razonable;708857;Otros ingresos;708857;4.550;0.94;EURIBOR;3M;999999999999999.00;0.2;2024-10-30;10M;10M;2024-10-30;9M;64.00;OTR_INST_FIN;En curso;;999999999999999.00
2024-09-30;1111111295;2025-03-30;9M;Fijo;184581;184581;2009-09-30;2037-09-30;Actual/365;EURIBOR;EUR;Coste amortizado;184481;P/G;184481;1.480;0.78;;;0.11;0.52;2900-12-31;;;2900-12-31;;999999999999999.00;GRAN_EMPRESA;En curso;;999999999999999.00
2024-09-30;1111111296;2025-08-30;11M;Variable;83089;83089;2020-09-30;2037-09-30;30/365;EURIBOR;EUR;Valor razonable;82989;Flujos de saldo;82989;2.060;1.00;EURIBOR;9M;999999999999999.00;999999999999999.00;2025-08-30;6M;11M;2900-12-31;;999999999999999.00;OTR_INST_FIN;En curso;;999999999999999.00
2024-09-30;1111111297;2024-10-30;3M;Fijo;38459;38459;2015-09-30;2027-09-30;Actual/Actual;EURIBOR;EUR;Coste amortizado;38359;Otros ingresos;38359;2.100;1.04;;;999999999999999.00;999999999999999.00;2900-12-31;;;2900-12-31;;999999999999999.00;BCE;En curso;;999999999999999.00
2024-09-30;1111111298;2025-04-30;8M;Variable;856648;856648;2017-09-30;2034-09-30;Actual/365;EURIBOR;EUR;Valor razonable;856548;P/G;856548;4.260;1.66;EURIBOR;6M;999999999999999.00;999999999999999.00;2025-04-30;9M;5M;2900-12-31;;999999999999999.00;BDE;En curso;;999999999999999.00
2024-09-30;1111111299;2025-01-30;5M;Fijo;233332;233332;2012-09-30;2038-09-30;Actual/360;EURIBOR;EUR;Coste amortizado;233232;Flujos de saldo;233232;1.490;0.03;;;0.13;999999999999999.00;2900-12-31;;;2025-01-30;5M;468.00;INST_BANCARIAS;En curso;;999999999999999.00
2024-09-30;1111111300;2024-10-30;1M;Variable;898299;898299;2012-09-30;2036-09-30;30/365;EURIBOR;EUR;Valor razonable;898199;Otros ingresos;898199;4.260;1.74;EURIBOR;6M;0.07;999999999999999.00;2024-10-30;2M;4M;2024-10-30;2M;3.00;OTR_INST_FIN;En curso;;999999999999999.00
2024-09-30;1111111301;2025-01-30;4M;Fijo;206038;206038;2012-09-30;2028-09-30;30/360;EURIBOR;EUR;Coste amortizado;205938;P/G;205938;4.900;0.06;;;0.11;999999999999999.00;2900-12-31;;;2900-12-31;;999999999999999.00;ISFLSH;En curso;;999999999999999.00
2024-09-30;1111111302;2025-03-02;10M;Variable;423990;423990;2019-09-30;2031-09-30;Actual/365;EURIBOR;EUR;Valor razonable;423890;Flujos de saldo;423890;4.830;0.51;EURIBOR;8M;999999999999999.00;1.69;2025-03-02;5M;3M;2900-12-31;;999999999999999.00;INST_PUBLICA;En curso;;999999999999999.00
2024-09-30;1111111303;2024-11-30;3M;Fijo;513837;513837;2018-09-30;2037-09-30;30/365;EURIBOR;EUR;Coste amortizado;513737;Otros ingresos;513737;0.440;1.51;;;999999999999999.00;2.09;2900-12-31;;;2900-12-31;;999999999999999.00;OTR_INST_NO_FIN;En curso;;999999999999999.00
2024-09-30;1111111304;2025-04-30;7M;Variable;343516;343516;2012-09-30;2036-09-30;Actual/Actual;EURIBOR;EUR;Valor razonable;343416;P/G;343416;4.120;0.59;EURIBOR;3M;0.07;1.81;2025-04-30;1M;3M;2900-12-31;;999999999999999.00;GRAN_EMPRESA;En curso;;999999999999999.00
2024-09-30;1111111305;2024-11-30;3M;Fijo;191960;191960;2009-09-30;2038-09-30;Actual/365;EURIBOR;EUR;Coste amortizado;191860;Flujos de saldo;191860;2.570;1.46;;;999999999999999.00;999999999999999.00;2900-12-31;;;2024-11-30;1M;668.00;PEQUEÑA_EMPRESA;En curso;;999999999999999.00
2024-09-30;1111111306;2024-12-30;7M;Variable;984694;984694;2021-09-30;2030-09-30;Actual/360;EURIBOR;EUR;Valor razonable;984594;Otros ingresos;984594;4.840;0.73;EURIBOR;6M;999999999999999.00;999999999999999.00;2024-12-30;8M;2M;2024-12-30;8M;108.00;PERSONA;En curso;;999999999999999.00
2024-09-30;1111111307;2024-10-30;1M;Fijo;771553;771553;2014-09-30;2031-09-30;30/365;EURIBOR;EUR;Coste amortizado;771453;P/G;771453;4.430;1.26;;;999999999999999.00;999999999999999.00;2900-12-31;;;2900-12-31;;999999999999999.00;GRAN_EMPRESA;En curso;;999999999999999.00
2024-09-30;1111111308;2024-12-30;5M;Variable;148035;148035;2012-09-30;2036-09-30;30/360;EURIBOR;EUR;Valor razonable;147935;Flujos de saldo;147935;2.880;0.62;EURIBOR;10M;0.04;999999999999999.00;2024-12-30;2M;11M;2900-12-31;;999999999999999.00;OTR_INST_FIN;En curso;;999999999999999.00
2024-09-30;1111111309;2024-12-30;7M;Fijo;936156;936156;2016-09-30;2032-09-30;Actual/365;EURIBOR;EUR;Coste amortizado;936056;Otros ingresos;936056;3.730;1.68;;;0.11;999999999999999.00;2900-12-31;;;2900-12-31;;999999999999999.00;GRAN_EMPRESA;En curso;;999999999999999.00
2024-09-30;1111111310;2024-10-30;3M;Variable;421324;421324;2020-09-30;2037-09-30;30/365;EURIBOR;EUR;Valor razonable;421224;P/G;421224;4.440;1.17;EURIBOR;11M;0.02;999999999999999.00;2024-10-30;3M;9M;2900-12-31;;999999999999999.00;OTR_INST_FIN;En curso;;999999999999999.00
2024-09-30;1111111311;2025-01-30;8M;Fijo;52195;52195;2015-09-30;2034-09-30;Actual/Actual;EURIBOR;EUR;Coste amortizado;52095;Flujos de saldo;52095;0.870;1.57;;;999999999999999.00;2.68;2900-12-31;;;2025-01-30;11M;62.00;BCE;En curso;;999999999999999.00
2024-09-30;1111111312;2024-11-30;2M;Variable;856872;856872;2012-09-30;2031-09-30;Actual/365;EURIBOR;EUR;Valor razonable;856772;Otros ingresos;856772;3.690;0.33;EURIBOR;6M;999999999999999.00;3.24;2024-11-30;4M;5M;2024-11-30;6M;70.00;BDE;En curso;;999999999999999.00
2024-09-30;1111111313;2024-11-30;2M;Fijo;542272;542272;2021-09-30;2039-09-30;Actual/360;EURIBOR;EUR;Coste amortizado;542172;P/G;542172;3.040;1.64;;;0.07;4.04;2900-12-31;;;2900-12-31;;999999999999999.00;INST_BANCARIAS;En curso;;999999999999999.00
2024-09-30;1111111314;2024-10-30;1M;Variable;723200;723200;2012-09-30;2039-09-30;30/365;EURIBOR;EUR;Valor razonable;723100;Flujos de saldo;723100;1.180;0.17;EURIBOR;3M;999999999999999.00;999999999999999.00;2024-10-30;1M;5M;2900-12-31;;999999999999999.00;OTR_INST_FIN;En curso;;999999999999999.00
2024-09-30;1111111315;2024-12-30;9M;Fijo;923762;923762;2021-09-30;2030-09-30;30/360;EURIBOR;EUR;Coste amortizado;923662;Otros ingresos;923662;2.410;0.73;;;999999999999999.00;999999999999999.00;2900-12-31;;;2900-12-31;;999999999999999.00;ISFLSH;En curso;;999999999999999.00
2024-09-30;1111111316;2024-11-30;4M;Variable;842308;842308;2012-09-30;2034-09-30;Actual/365;EURIBOR;EUR;Valor razonable;842208;P/G;842208;3.060;1.97;EURIBOR;6M;999999999999999.00;999999999999999.00;2024-11-30;1M;3M;2900-12-31;;999999999999999.00;INST_PUBLICA;En curso;;999999999999999.00
2024-09-30;1111111317;2025-03-30;10M;Fijo;790985;790985;2022-09-30;2033-09-30;30/365;EURIBOR;EUR;Coste amortizado;790885;Flujos de saldo;790885;0.320;1.11;;;0.13;999999999999999.00;2900-12-31;;;2025-03-30;11M;838.00;OTR_INST_NO_FIN;En curso;;999999999999999.00
2024-09-30;1111111318;2025-07-30;11M;Variable;806780;806780;2011-09-30;2033-09-30;Actual/Actual;EURIBOR;EUR;Valor razonable;806680;Otros ingresos;806680;2.710;0.73;EURIBOR;9M;0.04;999999999999999.00;2025-07-30;11M;9M;2025-07-30;11M;868.00;GRAN_EMPRESA;En curso;;999999999999999.00
2024-09-30;1111111319;2025-01-30;9M;Fijo;282398;282398;2020-09-30;2039-09-30;Actual/365;EURIBOR;EUR;Coste amortizado;282298;P/G;282298;4.910;1.54;;;0.11;999999999999999.00;2900-12-31;;;2900-12-31;;999999999999999.00;PEQUEÑA_EMPRESA;En curso;;999999999999999.00
2024-09-30;1111111320;2025-01-30;5M;Variable;864261;864261;2022-09-30;2031-09-30;Actual/360;EURIBOR;EUR;Valor razonable;864161;Flujos de saldo;864161;2.660;0.95;EURIBOR;5M;999999999999999.00;0.01;2025-01-30;8M;8M;2900-12-31;;999999999999999.00;PERSONA;En curso;;999999999999999.00
2024-09-30;1111111321;2025-03-02;10M;Fijo;358617;358617;2020-09-30;2027-09-30;30/365;EURIBOR;EUR;Coste amortizado;358517;Otros ingresos;358517;0.720;0.02;;;999999999999999.00;3.68;2900-12-31;;;2900-12-31;;999999999999999.00;GRAN_EMPRESA;En curso;;999999999999999.00
2024-09-30;1111111322;2024-10-30;1M;Variable;167881;167881;2019-09-30;2027-09-30;30/360;EURIBOR;EUR;Valor razonable;167781;P/G;167781;3.820;1.87;EURIBOR;10M;0.05;4.05;2024-10-30;3M;9M;2900-12-31;;999999999999999.00;OTR_INST_FIN;En curso;;999999999999999.00
2024-09-30;1111111323;2024-10-30;1M;Fijo;847171;847171;2021-09-30;2038-09-30;Actual/365;EURIBOR;EUR;Coste amortizado;847071;Flujos de saldo;847071;1.080;0.65;;;999999999999999.00;999999999999999.00;2900-12-31;;;2024-10-30;11M;611.00;GRAN_EMPRESA;En curso;;999999999999999.00
2024-09-30;1111111324;2025-03-30;7M;Variable;683955;683955;2019-09-30;2033-09-30;30/365;EURIBOR;EUR;Valor razonable;683855;Otros ingresos;683855;2.910;1.77;EURIBOR;2M;999999999999999.00;999999999999999.00;2025-03-30;3M;5M;2025-03-30;7M;973.00;OTR_INST_FIN;En curso;;999999999999999.00
2024-09-30;1111111325;2025-04-30;10M;Fijo;67144;67144;2011-09-30;2037-09-30;Actual/Actual;EURIBOR;EUR;Coste amortizado;67044;P/G;67044;2.460;1.53;;;999999999999999.00;999999999999999.00;2900-12-31;;;2900-12-31;;999999999999999.00;BCE;En curso;;999999999999999.00
2024-09-30;1111111326;2024-10-30;2M;Variable;585160;585160;2009-09-30;2031-09-30;Actual/365;EURIBOR;EUR;Valor razonable;585060;Flujos de saldo;585060;0.960;0.21;EURIBOR;8M;0.19;999999999999999.00;2024-10-30;1M;6M;2900-12-31;;999999999999999.00;BDE;En curso;;999999999999999.00
2024-09-30;1111111327;2024-11-30;4M;Fijo;609828;609828;2017-09-30;2026-09-30;Actual/360;EURIBOR;EUR;Coste amortizado;609728;Otros ingresos;609728;2.150;1.37;;;0.16;999999999999999.00;2900-12-31;;;2900-12-31;;999999999999999.00;INST_BANCARIAS;En curso;;999999999999999.00
2024-09-30;1111111328;2025-03-30;10M;Variable;636479;636479;2016-09-30;2034-09-30;30/365;EURIBOR;EUR;Valor razonable;636379;P/G;636379;4.820;1.09;EURIBOR;9M;0.09;999999999999999.00;2025-03-30;11M;3M;2900-12-31;;999999999999999.00;OTR_INST_FIN;En curso;;999999999999999.00
2024-09-30;1111111329;2025-04-30;11M;Fijo;233242;233242;2014-09-30;2029-09-30;30/360;EURIBOR;EUR;Coste amortizado;233142;Flujos de saldo;233142;2.300;1.79;;;999999999999999.00;0.72;2900-12-31;;;2025-04-30;11M;878.00;ISFLSH;En curso;;999999999999999.00
2024-09-30;1111111330;2024-10-30;5M;Variable;224020;224020;2023-09-30;2027-09-30;Actual/365;EURIBOR;EUR;Valor razonable;223920;Otros ingresos;223920;3.460;0.46;EURIBOR;1M;999999999999999.00;2.81;2024-10-30;10M;7M;2024-10-30;5M;180.00;INST_PUBLICA;En curso;;999999999999999.00
2024-09-30;1111111331;2025-04-30;7M;Fijo;676897;676897;2022-09-30;2038-09-30;30/365;EURIBOR;EUR;Coste amortizado;676797;P/G;676797;4.690;0.54;;;0.07;4.18;2900-12-31;;;2900-12-31;;999999999999999.00;OTR_INST_NO_FIN;En curso;;999999999999999.00
2024-09-30;1111111332;2024-10-30;5M;Variable;423734;423734;2017-09-30;2031-09-30;Actual/Actual;EURIBOR;EUR;Valor razonable;423634;Flujos de saldo;423634;3.230;1.15;EURIBOR;6M;999999999999999.00;999999999999999.00;2024-10-30;10M;8M;2900-12-31;;999999999999999.00;GRAN_EMPRESA;En curso;;999999999999999.00
2024-09-30;1111111333;2024-10-30;1M;Fijo;362481;362481;2016-09-30;2029-09-30;Actual/365;EURIBOR;EUR;Coste amortizado;362381;Otros ingresos;362381;3.280;0.07;;;999999999999999.00;999999999999999.00;2900-12-31;;;2900-12-31;;999999999999999.00;PEQUEÑA_EMPRESA;En curso;;999999999999999.00
2024-09-30;1111111334;2024-11-30;11M;Variable;809004;809004;2014-09-30;2032-09-30;Actual/360;EURIBOR;EUR;Valor razonable;808904;P/G;808904;1.500;0.93;EURIBOR;8M;999999999999999.00;999999999999999.00;2024-11-30;6M;9M;2900-12-31;;999999999999999.00;PERSONA;En curso;;999999999999999.00
2024-09-30;1111111335;2025-05-30;10M;Fijo;446388;446388;2014-09-30;2026-09-30;30/365;EURIBOR;EUR;Coste amortizado;446288;Flujos de saldo;446288;2.060;0.07;;;0.04;999999999999999.00;2900-12-31;;;2025-05-30;2M;422.00;GRAN_EMPRESA;En curso;;999999999999999.00
2024-09-30;1111111336;2024-11-30;2M;Variable;13343;13343;2014-09-30;2030-09-30;30/360;EURIBOR;EUR;Valor razonable;13243;Otros ingresos;13243;0.180;0.01;EURIBOR;4M;0.02;999999999999999.00;2024-11-30;5M;2M;2024-11-30;7M;696.00;OTR_INST_FIN;En curso;;999999999999999.00
2024-09-30;1111111337;2024-10-30;1M;Fijo;590643;590643;2023-09-30;2036-09-30;Actual/365;EONA;USD;Coste amortizado;590543;P/G;590543;4.160;1.18;;;0.02;999999999999999.00;2900-12-31;;;2900-12-31;;999999999999999.00;GRAN_EMPRESA;En curso;;999999999999999.00
2024-09-30;1111111338;2024-10-30;8M;Variable;924402;924402;2015-09-30;2032-09-30;30/365;EONA;USD;Valor razonable;924302;Flujos de saldo;924302;1.860;0.71;EONA;1M;999999999999999.00;0.99;2024-10-30;11M;5M;2900-12-31;;999999999999999.00;OTR_INST_FIN;En curso;;999999999999999.00
2024-09-30;1111111339;2024-11-30;3M;Fijo;820344;820344;2021-09-30;2028-09-30;Actual/Actual;EONA;USD;Coste amortizado;820244;Otros ingresos;820244;0.270;1.15;;;999999999999999.00;0.25;2900-12-31;;;2900-12-31;;999999999999999.00;BCE;En curso;;999999999999999.00
2024-09-30;1111111340;2025-05-30;8M;Variable;620119;620119;2019-09-30;2026-09-30;Actual/365;EONA;USD;Valor razonable;620019;P/G;620019;0.690;0.87;EONA;1M;0.2;2.97;2025-05-30;11M;8M;2900-12-31;;999999999999999.00;BDE;En curso;;999999999999999.00
2024-09-30;1111111341;2024-12-30;3M;Fijo;68270;68270;2023-09-30;2037-09-30;Actual/360;EONA;USD;Coste amortizado;68170;Flujos de saldo;68170;5.000;0.69;;;999999999999999.00;999999999999999.00;2900-12-31;;;2024-12-30;4M;159.00;INST_BANCARIAS;En curso;;999999999999999.00
2024-09-30;1111111342;2025-01-30;5M;Variable;984048;984048;2011-09-30;2037-09-30;30/365;EONA;USD;Valor razonable;983948;Otros ingresos;983948;2.710;1.00;EONA;4M;999999999999999.00;999999999999999.00;2025-01-30;9M;2M;2025-01-30;5M;410.00;OTR_INST_FIN;En curso;;999999999999999.00
2024-09-30;1111111343;2025-03-02;11M;Fijo;273200;273200;2016-09-30;2029-09-30;30/360;EONA;USD;Coste amortizado;273100;P/G;273100;0.800;1.54;;;999999999999999.00;999999999999999.00;2900-12-31;;;2900-12-31;;999999999999999.00;ISFLSH;En curso;;999999999999999.00
2024-09-30;1111111344;2024-12-30;5M;Variable;795448;795448;2021-09-30;2027-09-30;Actual/365;EONA;USD;Valor razonable;795348;Flujos de saldo;795348;4.390;0.26;EONA;10M;0.09;999999999999999.00;2024-12-30;5M;4M;2900-12-31;;999999999999999.00;INST_PUBLICA;En curso;;999999999999999.00
2024-09-30;1111111345;2025-03-30;11M;Fijo;249301;249301;2014-09-30;2033-09-30;30/365;EONA;USD;Coste amortizado;249201;Otros ingresos;249201;1.560;1.70;;;0.17;999999999999999.00;2900-12-31;;;2900-12-31;;999999999999999.00;OTR_INST_NO_FIN;En curso;;999999999999999.00
2024-09-30;1111111346;2024-12-30;5M;Variable;100721;100721;2022-09-30;2033-09-30;Actual/Actual;EONA;USD;Valor razonable;100621;P/G;100621;0.550;0.53;EONA;4M;0.09;999999999999999.00;2024-12-30;7M;11M;2900-12-31;;999999999999999.00;GRAN_EMPRESA;En curso;;999999999999999.00
2024-09-30;1111111347;2024-10-30;6M;Fijo;447734;447734;2009-09-30;2035-09-30;Actual/365;EONA;USD;Coste amortizado;447634;Flujos de saldo;447634;2.640;1.94;;;999999999999999.00;1.37;2900-12-31;;;2024-10-30;3M;261.00;PEQUEÑA_EMPRESA;En curso;;999999999999999.00
2024-09-30;1111111348;2025-04-30;10M;Variable;84756;84756;2016-09-30;2037-09-30;Actual/360;EONA;USD;Valor razonable;84656;Otros ingresos;84656;1.760;1.45;EONA;9M;999999999999999.00;0.56;2025-04-30;4M;1M;2025-04-30;2M;885.00;PERSONA;En curso;;999999999999999.00
2024-09-30;1111111349;2024-10-30;4M;Fijo;706079;706079;2012-09-30;2030-09-30;30/365;EONA;USD;Coste amortizado;705979;P/G;705979;1.130;0.11;;;0.17;4.36;2900-12-31;;;2900-12-31;;999999999999999.00;GRAN_EMPRESA;En curso;;999999999999999.00
2024-09-30;1111111350;2024-11-30;3M;Variable;5009;5009;2023-09-30;2025-09-30;30/360;EONA;USD;Valor razonable;4909;Flujos de saldo;4909;2.090;0.34;EONA;9M;999999999999999.00;999999999999999.00;2024-11-30;1M;7M;2900-12-31;;999999999999999.00;OTR_INST_FIN;En curso;;999999999999999.00
2024-09-30;1111111351;2024-10-30;3M;Fijo;649281;649281;2017-09-30;2025-09-30;Actual/365;EONA;USD;Coste amortizado;649181;Otros ingresos;649181;3.140;1.59;;;999999999999999.00;999999999999999.00;2900-12-31;;;2900-12-31;;999999999999999.00;GRAN_EMPRESA;En curso;;999999999999999.00
2024-09-30;1111111352;2024-11-30;6M;Variable;954248;954248;2011-09-30;2025-09-30;30/365;EONA;USD;Valor razonable;954148;P/G;954148;2.740;1.07;EONA;2M;999999999999999.00;999999999999999.00;2024-11-30;2M;2M;2900-12-31;;999999999999999.00;OTR_INST_FIN;En curso;;999999999999999.00
2024-09-30;1111111353;2024-11-30;7M;Fijo;659913;659913;2018-09-30;2036-09-30;Actual/Actual;EONA;USD;Coste amortizado;659813;Flujos de saldo;659813;3.040;0.83;;;0.04;999999999999999.00;2900-12-31;;;2024-11-30;9M;228.00;BCE;En curso;;999999999999999.00
2024-09-30;1111111354;2024-10-30;4M;Variable;889722;889722;2019-09-30;2036-09-30;Actual/365;EONA;USD;Valor razonable;889622;Otros ingresos;889622;3.970;0.88;EONA;7M;0.06;999999999999999.00;2024-10-30;10M;4M;2024-10-30;2M;568.00;BDE;En curso;;999999999999999.00
2024-09-30;1111111355;2024-12-30;7M;Fijo;31137;31137;2022-09-30;2036-09-30;Actual/360;EONA;USD;Coste amortizado;31037;P/G;31037;4.910;1.92;;;0.19;999999999999999.00;2900-12-31;;;2900-12-31;;999999999999999.00;INST_BANCARIAS;En curso;;999999999999999.00
2024-09-30;1111111356;2024-11-30;3M;Variable;859731;859731;2010-09-30;2033-09-30;30/365;EONA;USD;Valor razonable;859631;Flujos de saldo;859631;2.470;0.85;EONA;4M;999999999999999.00;2.25;2024-11-30;8M;9M;2900-12-31;;999999999999999.00;OTR_INST_FIN;En curso;;999999999999999.00
2024-09-30;1111111357;2025-03-02;5M;Fijo;731078;731078;2018-09-30;2035-09-30;30/360;EONA;USD;Coste amortizado;730978;Otros ingresos;730978;2.630;0.83;;;999999999999999.00;1.6;2900-12-31;;;2900-12-31;;999999999999999.00;ISFLSH;En curso;;999999999999999.00
2024-09-30;1111111358;2024-10-30;8M;Variable;111518;111518;2020-09-30;2036-09-30;Actual/365;EONA;USD;Valor razonable;111418;P/G;111418;2.360;0.26;EONA;7M;0.2;0.67;2024-10-30;9M;2M;2900-12-31;;999999999999999.00;INST_PUBLICA;En curso;;999999999999999.00
2024-09-30;1111111359;2025-03-02;5M;Fijo;946839;946839;2015-09-30;2038-09-30;30/365;EONA;USD;Coste amortizado;946739;Flujos de saldo;946739;3.000;0.54;;;999999999999999.00;999999999999999.00;2900-12-31;;;2025-03-02;11M;862.00;OTR_INST_NO_FIN;En curso;;999999999999999.00
2024-09-30;1111111360;2025-01-30;6M;Variable;799336;799336;2009-09-30;2030-09-30;Actual/Actual;EONA;USD;Valor razonable;799236;Otros ingresos;799236;1.660;1.82;EONA;9M;999999999999999.00;999999999999999.00;2025-01-30;2M;4M;2025-01-30;6M;273.00;GRAN_EMPRESA;En curso;;999999999999999.00
2024-09-30;1111111361;2024-10-30;7M;Fijo;98335;98335;2013-09-30;2030-09-30;Actual/365;EONA;USD;Coste amortizado;98235;P/G;98235;3.010;1.20;;;999999999999999.00;999999999999999.00;2900-12-31;;;2900-12-31;;999999999999999.00;PEQUEÑA_EMPRESA;En curso;;999999999999999.00
2024-09-30;1111111362;2024-11-30;4M;Variable;175457;175457;2018-09-30;2033-09-30;Actual/360;EONA;USD;Valor razonable;175357;Flujos de saldo;175357;4.870;0.65;EONA;3M;0.16;999999999999999.00;2024-11-30;3M;11M;2900-12-31;;999999999999999.00;PERSONA;En curso;;999999999999999.00
2024-09-30;1111111363;2024-11-30;5M;Fijo;836245;836245;2019-09-30;2032-09-30;30/365;EONA;USD;Coste amortizado;836145;Otros ingresos;836145;2.210;1.08;;;0.17;999999999999999.00;2900-12-31;;;2900-12-31;;999999999999999.00;GRAN_EMPRESA;En curso;;999999999999999.00
2024-09-30;1111111364;2025-05-30;8M;Variable;618799;618799;2023-09-30;2036-09-30;30/360;EONA;USD;Valor razonable;618699;P/G;618699;3.930;1.91;EONA;6M;0.07;999999999999999.00;2025-05-30;11M;7M;2900-12-31;;999999999999999.00;OTR_INST_FIN;En curso;;999999999999999.00
2024-09-30;1111111365;2024-11-30;2M;Fijo;145831;145831;2011-09-30;2028-09-30;Actual/365;EONA;USD;Coste amortizado;145731;Flujos de saldo;145731;1.600;0.93;;;999999999999999.00;0.02;2900-12-31;;;2024-11-30;6M;911.00;GRAN_EMPRESA;En curso;;999999999999999.00
2024-09-30;1111111366;2024-12-30;8M;Variable;58018;58018;2013-09-30;2039-09-30;30/365;EONA;USD;Valor razonable;57918;Otros ingresos;57918;4.360;1.72;EONA;7M;999999999999999.00;4.18;2024-12-30;11M;10M;2024-12-30;7M;619.00;OTR_INST_FIN;En curso;;999999999999999.00
2024-09-30;1111111367;2024-11-30;2M;Fijo;499861;499861;2013-09-30;2039-09-30;Actual/Actual;EONA;USD;Coste amortizado;499761;P/G;499761;3.700;1.51;;;0.08;0.43;2900-12-31;;;2900-12-31;;999999999999999.00;BCE;En curso;;999999999999999.00
2024-09-30;1111111368;2024-10-30;2M;Variable;673579;673579;2021-09-30;2032-09-30;Actual/365;EONA;USD;Valor razonable;673479;Flujos de saldo;673479;4.500;1.12;EONA;3M;999999999999999.00;999999999999999.00;2024-10-30;8M;4M;2900-12-31;;999999999999999.00;BDE;En curso;;999999999999999.00
2024-09-30;1111111369;2025-06-30;11M;Fijo;450417;450417;2011-09-30;2028-09-30;Actual/360;EONA;USD;Coste amortizado;450317;Otros ingresos;450317;3.610;0.82;;;999999999999999.00;999999999999999.00;2900-12-31;;;2900-12-31;;999999999999999.00;INST_BANCARIAS;En curso;;999999999999999.00
2024-09-30;1111111370;2025-01-30;7M;Variable;206999;206999;2021-09-30;2025-09-30;30/365;EONA;USD;Valor razonable;206899;P/G;206899;2.700;0.50;EONA;11M;999999999999999.00;999999999999999.00;2025-01-30;7M;10M;2900-12-31;;999999999999999.00;OTR_INST_FIN;En curso;;999999999999999.00
